{
    "fileFormatVersion": "1",
    "parameterSets": {
        "New set 1": {
            "Outer_Diameter": "63",
            "Outer_Height": "19",
            "Wall_Thickness": "2"
        },
        "New set 2": {
            "Back_Wall_Thickness": "10",
            "Board_Cols": "3",
            "Board_Margin": "2",
            "Bottom_Thickness": "1",
            "Mounting_Board_Thickness": "2",
            "Outer_Diameter": "72",
            "Outer_Height": "25",
            "Wall_Thickness": "1.5"
        }
    }
}
