{
    "fileFormatVersion": "1",
    "parameterSets": {
        "New set 1": {
            "cellLength": "24",
            "cols": "9",
            "height": "4",
            "holeReinforcerBorder": "1",
            "holeReinforcerRadius": "9",
            "holeReinforcersDashAngle": "5",
            "holeReinforcersGapAngle": "20",
            "includeReinforcementsOnTopmostLayer": "false",
            "layers": "4",
            "minDistBetweenSpacers": "3",
            "punchOutAffectsBorder": "true",
            "punchOutSize": "14",
            "punchOutStyle": "0",
            "reinforceHoles": "true",
            "rows": "9",
            "spacerHeight": "0.69999999999999996",
            "spacerRadius": "0.59999999999999998"
        }
    }
}
