{
    "fileFormatVersion": "1",
    "parameterSets": {
        "New set 1": {
            "Item_to_Render": "Bin",
            "Rack_Columns": "1",
            "Rack_Rows": "2"
        },
        "New set 2": {
            "Add_Drawer_Blockers": "true",
            "Back_Wall_Thickness": "1",
            "Cutout_Bottom_Width_Percentage": "20",
            "Cutout_Height_Percentage": "80",
            "Cutout_Style": "Trapezoidal",
            "Cutout_Top_Width_Percentage": "50",
            "Drawer_Cutout_Height": "10",
            "Drawer_Cutout_Width": "30",
            "Drawer_Tolerance": "1",
            "Item_to_Render": "Rack",
            "Rack_Columns": "2",
            "Rack_Rows": "4",
            "Wall_Thickness": "1.5"
        },
        "New set 3": {
            "Add_Drawer_Blockers": "true",
            "Back_Wall_Thickness": "1",
            "Cutout_Bottom_Width_Percentage": "50",
            "Cutout_Height_Percentage": "80",
            "Cutout_Style": "Trapezoidal",
            "Cutout_Top_Width_Percentage": "80",
            "Drawer_Cutout_Height": "10",
            "Drawer_Cutout_Width": "30",
            "Drawer_Tolerance": "1",
            "Ignore_Cutout_For_Top_Wall": "false",
            "Item_to_Render": "Rack",
            "Rack_Columns": "2",
            "Rack_Rows": "2",
            "Wall_Thickness": "1.5"
        }
    }
}
