{
    "fileFormatVersion": "1",
    "parameterSets": {
        "New set 1": {
            "Back_Wall_Thickness": "12.5",
            "Outer_Depth": "81",
            "Outer_Height": "53",
            "Outer_Width": "166",
            "Wall_Thickness": "1"
        },
        "New set 2": {
            "Back_Wall_Thickness": "11",
            "Mounting_Board_Thickness": "3",
            "Outer_Depth": "240",
            "Outer_Height": "57",
            "Outer_Width": "82",
            "Wall_Thickness": "2"
        },
        "Milwaukee Drill Bits": {
            "Back_Wall_Thickness": "8",
            "Mounting_Board_Thickness": "2",
            "Outer_Depth": "90",
            "Outer_Height": "80",
            "Outer_Width": "132",
            "Wall_Thickness": "3"
        },
        "Hart Drill Bits": {
            "Back_Wall_Thickness": "8",
            "Mounting_Board_Thickness": "2",
            "Outer_Depth": "90",
            "Outer_Height": "80",
            "Outer_Width": "132",
            "Wall_Thickness": "3"
        },
        "Tall Sockets": {
            "Back_Wall_Thickness": "8",
            "Mounting_Board_Thickness": "2",
            "Outer_Depth": "46",
            "Outer_Height": "6",
            "Outer_Width": "160",
            "Wall_Thickness": "3"
        }
    }
}
